{"volumeBGM":0.5,"volumeSE":0.6000000238418579,"textSpeed":0.4000000059604645}