{"volumeBGM":0.30000001192092898,"volumeSE":0.5,"textSpeed":0.6000000238418579}