{"volumeBGM":0.30000001192092898,"volumeSE":0.699999988079071,"textSpeed":1.0}