{"volumeBGM":0.10000000149011612,"volumeSE":0.30000001192092898,"textSpeed":1.100000023841858}