{"volumeBGM":0.8999999761581421,"volumeSE":1.0,"textSpeed":0.7000000476837158}