{"volumeBGM":0.8999999761581421,"volumeSE":0.4000000059604645,"textSpeed":0.9000000357627869}