{"volumeBGM":0.8999999761581421,"volumeSE":1.0,"textSpeed":0.800000011920929}