{"volumeBGM":0.10000000149011612,"volumeSE":0.30000001192092898,"textSpeed":0.800000011920929}