{"volumeBGM":0.20000000298023225,"volumeSE":0.10000000149011612,"textSpeed":1.100000023841858}