{"volumeBGM":0.20000000298023225,"volumeSE":0.20000000298023225,"textSpeed":0.6000000238418579}