{"volumeBGM":0.30000001192092898,"volumeSE":0.5,"textSpeed":0.800000011920929}