{"volumeBGM":0.699999988079071,"volumeSE":0.6000000238418579,"textSpeed":0.6000000238418579}