{"volumeBGM":0.30000001192092898,"volumeSE":0.4000000059604645,"textSpeed":1.100000023841858}